customer_id,first_name,last_name,phone,email,signup_date,kyc_status,city,referral_agent_id
1,Dhruv,Jain,9901594841,dhruv.jain0@gmail.com,2026-03-13 05:37:30,pending,Delhi,
2,Reyansh,Gupta,9938006291,reyanshgupta1@yahoo.com,2025-09-26 10:19:34,verified,Mumbai,8
3,Isha,Joshi,9821795596,isha_joshi2@outlook.com,2025-11-02 10:10:40,verified,Pune,
4,Nisha,Nair,9653853232,nnair3@hotmail.com,2025-10-22 11:03:25,verified,Delhi,9
5,Aditya,Shah,8141525980,aditya4@protonmail.com,2025-09-09 13:38:11,verified,Mumbai,
6,Tanvi,Pandey,7583130298,tanvi.pandey5@gmail.com,2025-12-03 10:09:05,verified,Bangalore,15
7,Vikram,Malhotra,7945247531,vikrammalhotra6@yahoo.com,2026-02-16 23:06:49,verified,Mumbai,3
8,Neha,Joshi,6800360832,neha_joshi7@outlook.com,2025-09-28 04:18:12,verified,Delhi,3
9,Shreya,Sharma,9093895509,ssharma8@hotmail.com,2025-09-26 18:29:14,verified,Pune,
10,Aditya,Mishra,8151234838,aditya9@protonmail.com,2026-02-16 10:07:05,pending,Hyderabad,
11,Neha,Kulkarni,6927088913,neha.kulkarni10@gmail.com,2026-05-02 10:22:24,verified,Delhi,10
12,Tanvi,Menon,6760463084,tanvimenon11@yahoo.com,2025-09-06 06:49:25,verified,Bangalore,1
13,Suman,Jain,7171290169,suman_jain12@outlook.com,2025-08-16 23:11:33,verified,Hyderabad,
14,Sai,Chauhan,8152372950,schauhan13@hotmail.com,2026-03-18 01:14:52,verified,Hyderabad,7
15,Swati,Agarwal,8677290858,swati14@protonmail.com,2025-09-01 11:21:02,pending,Bangalore,14
16,Deepak,Menon,8600548174,deepak.menon15@gmail.com,2026-01-06 23:18:06,verified,Bangalore,
17,Ashok,Pillai,7195973141,ashokpillai16@yahoo.com,2025-11-12 07:57:23,verified,Hyderabad,3
18,Manoj,Reddy,7159835657,manoj_reddy17@outlook.com,2026-01-09 15:19:08,pending,Bangalore,
19,Riya,Agarwal,7306251805,ragarwal18@hotmail.com,2025-11-01 17:05:27,verified,Pune,4
20,Ashok,Singh,7544094162,ashok19@protonmail.com,2025-10-28 01:47:31,verified,Delhi,9
21,Aarav,Bhat,7322340379,aarav.bhat20@gmail.com,2026-05-28 04:25:27,pending,Bangalore,5
22,Ananya,Hegde,9684937866,ananyahegde21@yahoo.com,2025-10-22 18:06:06,verified,Hyderabad,
23,Priya,Gupta,9439099600,priya_gupta22@outlook.com,2025-07-21 21:31:08,verified,Delhi,15
24,Pranav,Deshmukh,8485226585,pdeshmukh23@hotmail.com,2025-08-09 16:12:55,rejected,Delhi,
25,Megha,Kapoor,6496062858,megha24@protonmail.com,2025-09-12 13:37:08,verified,Bangalore,13
26,Kartik,Patel,8463606741,kartik.patel25@gmail.com,2025-10-07 13:11:56,verified,Bangalore,
27,Amit,Verma,6451550092,amitverma26@yahoo.com,2025-11-11 15:58:38,verified,Mumbai,8
28,Kavya,Saxena,7992318966,kavya_saxena27@outlook.com,2025-11-12 11:23:47,rejected,Delhi,5
29,Sunita,Bansal,6525778002,sbansal28@hotmail.com,2025-12-22 02:43:23,verified,Mumbai,
30,Sunil,Bhat,8297901125,sunil29@protonmail.com,2026-05-08 00:51:56,verified,Hyderabad,9
31,Sai,Shah,8010467906,sai.shah30@gmail.com,2025-09-02 22:53:53,verified,Mumbai,15
32,Isha,Menon,6490269064,ishamenon31@yahoo.com,2026-02-04 06:09:30,verified,Bangalore,
33,Shreya,Gupta,9000824985,shreya_gupta32@outlook.com,2025-07-26 23:31:42,verified,Delhi,4
34,Ritu,Tiwari,7877085822,rtiwari33@hotmail.com,2026-02-19 06:36:34,verified,Pune,
35,Sneha,Saxena,7586221824,sneha34@protonmail.com,2026-05-17 13:17:38,verified,Hyderabad,2
36,Vivaan,Sharma,8871217558,vivaan.sharma35@gmail.com,2025-11-27 13:05:39,verified,Mumbai,
37,Aarav,Pandey,9733801153,aaravpandey36@yahoo.com,2025-12-30 00:51:47,verified,Bangalore,8
38,Ritu,Sharma,6922257633,ritu_sharma37@outlook.com,2026-03-18 13:26:49,verified,Delhi,7
39,Diya,Bhat,7910817837,dbhat38@hotmail.com,2025-09-28 10:21:30,verified,Mumbai,
40,Arjun,Deshmukh,9899469302,arjun39@protonmail.com,2026-03-20 10:31:54,verified,Hyderabad,
41,Gaurav,Malhotra,7426859062,gaurav.malhotra40@gmail.com,2025-10-05 17:39:16,pending,Mumbai,14
42,Suman,Rao,9493944599,sumanrao41@yahoo.com,2026-05-19 10:29:39,verified,Hyderabad,14
43,Dhruv,Mishra,9577871909,dhruv_mishra42@outlook.com,2025-10-03 22:58:18,verified,Hyderabad,
44,Swati,Mehta,8112961058,smehta43@hotmail.com,2026-04-22 18:22:53,verified,Bangalore,14
45,Sunil,Kapoor,7252049365,sunil44@protonmail.com,2025-10-18 09:22:17,pending,Delhi,
46,Neha,Pandey,6964366573,neha.pandey45@gmail.com,2026-05-24 10:18:15,pending,Bangalore,
47,Ritu,Shah,8943070455,ritushah46@yahoo.com,2026-03-19 19:31:49,verified,Bangalore,11
48,Isha,Shah,8424715877,isha_shah47@outlook.com,2025-08-09 04:41:41,verified,Hyderabad,3
49,Aditya,Malhotra,6767511705,amalhotra48@hotmail.com,2025-10-28 23:54:47,rejected,Delhi,
50,Tanvi,Menon,8539220234,tanvi49@protonmail.com,2025-09-24 14:15:50,verified,Delhi,3
51,Manav,Sharma,9254255710,manav.sharma50@gmail.com,2025-08-23 02:32:14,verified,Bangalore,14
52,Deepak,Patel,9369224492,deepakpatel51@yahoo.com,2026-05-29 01:05:29,verified,Delhi,
53,Manav,Joshi,7832198326,manav_joshi52@outlook.com,2025-10-06 23:18:05,verified,Bangalore,13
54,Ananya,Reddy,7716442413,areddy53@hotmail.com,2026-04-04 03:32:58,rejected,Bangalore,
55,Sneha,Sharma,6509358165,sneha54@protonmail.com,2026-03-02 06:30:35,pending,Mumbai,2
56,Arnav,Mishra,7176446888,arnav.mishra55@gmail.com,2026-04-05 11:56:09,verified,Bangalore,13
57,Vikram,Chauhan,9595206307,vikramchauhan56@yahoo.com,2025-07-15 12:46:04,verified,Mumbai,13
58,Nitin,Tiwari,6551013106,nitin_tiwari57@outlook.com,2026-05-10 08:35:51,rejected,Bangalore,3
59,Ashok,Singh,6753527914,asingh58@hotmail.com,2026-04-19 17:28:29,pending,Bangalore,11
60,Tanvi,Jain,7051359775,tanvi59@protonmail.com,2026-06-16 04:32:17,verified,Bangalore,6
61,Sunil,Malhotra,9377903366,sunil.malhotra60@gmail.com,2025-10-12 08:37:44,rejected,Mumbai,
62,Ritu,Gupta,6746782234,ritugupta61@yahoo.com,2026-04-26 00:48:32,rejected,Mumbai,8
63,Pranav,Gupta,9906874364,pranav_gupta62@outlook.com,2025-11-01 12:56:14,pending,Delhi,1
64,Sunil,Singh,9600921169,ssingh63@hotmail.com,2026-03-03 09:22:03,verified,Delhi,7
65,Pranav,Reddy,9131579343,pranav64@protonmail.com,2026-06-15 05:37:46,verified,Mumbai,2
66,Nisha,Mishra,7248777767,nisha.mishra65@gmail.com,2025-10-29 20:02:19,pending,Bangalore,10
67,Riya,Tiwari,8779603349,riyatiwari66@yahoo.com,2025-08-02 07:40:27,verified,Delhi,12
68,Shweta,Gupta,8531577651,shweta_gupta67@outlook.com,2025-11-08 21:30:11,pending,Hyderabad,6
69,Riya,Mishra,6645977260,rmishra68@hotmail.com,2026-02-19 01:01:35,verified,Mumbai,12
70,Vivaan,Gupta,9069869471,vivaan69@protonmail.com,2025-09-05 12:40:35,verified,Delhi,2
71,Sunil,Verma,7858127096,sunil.verma70@gmail.com,2025-08-20 19:27:00,verified,Pune,
72,Isha,Verma,9608739418,ishaverma71@yahoo.com,2025-08-01 00:55:19,verified,Hyderabad,10
73,Swati,Hegde,9526821663,swati_hegde72@outlook.com,2026-01-21 11:45:11,rejected,Bangalore,13
74,Vikram,Malhotra,7870045289,vmalhotra73@hotmail.com,2025-11-23 15:17:18,pending,Mumbai,
75,Deepak,Mishra,8536785574,deepak74@protonmail.com,2026-01-20 21:19:37,pending,Mumbai,15
76,Vihaan,Pillai,9225155767,vihaan.pillai75@gmail.com,2026-04-06 10:54:40,verified,Delhi,
77,Deepak,Joshi,9852920438,deepakjoshi76@yahoo.com,2026-04-24 01:28:59,verified,Delhi,12
78,Sara,Pillai,8849365391,sara_pillai77@outlook.com,2026-06-26 07:02:54,verified,Delhi,2
79,Rohan,Sharma,7033053000,rsharma78@hotmail.com,2026-03-14 03:14:01,verified,Mumbai,7
80,Ritu,Hegde,6797167796,ritu79@protonmail.com,2026-05-16 05:11:36,verified,Delhi,3
81,Tanvi,Menon,8408615106,tanvi.menon80@gmail.com,2025-10-21 03:07:33,verified,Hyderabad,
82,Arnav,Menon,6114460723,arnavmenon81@yahoo.com,2026-06-14 09:32:34,verified,Mumbai,7
83,Sai,Nair,6839463083,sai_nair82@outlook.com,2025-10-11 20:42:04,verified,Bangalore,
84,Aditya,Bansal,8850218088,abansal83@hotmail.com,2025-11-11 10:41:17,rejected,Mumbai,8
85,Kiara,Sharma,9770792600,kiara84@protonmail.com,2026-02-18 14:52:23,pending,Bangalore,14
86,Deepak,Malhotra,6944767551,deepak.malhotra85@gmail.com,2026-02-09 19:14:48,verified,Mumbai,7
87,Ritu,Iyer,6542578022,rituiyer86@yahoo.com,2025-12-31 14:31:49,verified,Mumbai,11
88,Diya,Patel,7704217260,diya_patel87@outlook.com,2026-02-06 12:35:22,pending,Bangalore,6
89,Ishaan,Jain,9527515642,ijain88@hotmail.com,2026-04-01 17:49:10,verified,Delhi,
90,Ishaan,Iyer,6335903939,ishaan89@protonmail.com,2026-04-06 12:50:08,pending,Bangalore,
91,Shweta,Kumar,7083629277,shweta.kumar90@gmail.com,2026-01-09 00:47:41,pending,Bangalore,5
92,Kavya,Mehta,9091707713,kavyamehta91@yahoo.com,2025-09-15 02:35:16,verified,Delhi,
93,Nitin,Mehta,8587768129,nitin_mehta92@outlook.com,2025-07-24 04:12:04,verified,Delhi,
94,Nitin,Patel,8759893792,npatel93@hotmail.com,2025-09-11 11:28:25,verified,Pune,
95,Anjali,Pandey,7274290284,anjali94@protonmail.com,2025-11-25 04:07:09,verified,Delhi,9
96,Arnav,Pandey,8916136366,arnav.pandey95@gmail.com,2026-05-26 17:55:47,verified,Delhi,
97,Pooja,Reddy,6058129483,poojareddy96@yahoo.com,2025-09-16 05:08:38,pending,Mumbai,5
98,Pooja,Shah,9035403599,pooja_shah97@outlook.com,2026-06-03 00:07:20,verified,Bangalore,
99,Rahul,Bhat,6384789450,rbhat98@hotmail.com,2026-01-16 21:43:28,verified,Pune,5
100,Rohan,Das,6631425762,rohan99@protonmail.com,2025-11-12 15:48:14,rejected,Mumbai,3
101,Kavya,Sharma,8719830764,kavya.sharma100@gmail.com,2026-06-01 21:08:05,pending,Hyderabad,
102,Deepak,Pandey,6946475481,deepakpandey101@yahoo.com,2025-12-07 17:19:50,verified,Bangalore,3
103,Priya,Das,8072697598,priya_das102@outlook.com,2025-08-11 09:57:06,verified,Delhi,
104,Pallavi,Gupta,9694716380,pgupta103@hotmail.com,2026-03-23 08:24:07,verified,Delhi,
105,Deepak,Bansal,9657400895,deepak104@protonmail.com,2026-05-11 18:14:38,verified,Hyderabad,
106,Arjun,Bansal,6940552700,arjun.bansal105@gmail.com,2025-07-29 02:19:00,verified,Bangalore,15
107,Ritu,Shah,7590505275,ritushah106@yahoo.com,2026-01-31 00:54:06,verified,Delhi,
108,Neha,Kapoor,8047254590,neha_kapoor107@outlook.com,2025-07-04 16:26:48,rejected,Pune,7
109,Vihaan,Malhotra,8681949355,vmalhotra108@hotmail.com,2025-10-11 12:14:44,verified,Delhi,7
110,Sunil,Chauhan,6113086622,sunil109@protonmail.com,2026-06-17 13:30:48,pending,Delhi,
111,Sneha,Deshmukh,8022332977,sneha.deshmukh110@gmail.com,2025-10-31 00:41:45,rejected,Bangalore,10
112,Kiara,Tiwari,8061023594,kiaratiwari111@yahoo.com,2026-04-24 04:33:55,verified,Pune,10
113,Rekha,Deshmukh,7373912577,rekha_deshmukh112@outlook.com,2026-05-22 02:23:52,pending,Bangalore,
114,Priya,Gupta,7861767269,pgupta113@hotmail.com,2026-02-16 06:13:08,verified,Mumbai,8
115,Kavya,Mishra,6829511446,kavya114@protonmail.com,2025-10-16 07:49:45,rejected,Hyderabad,6
116,Nisha,Pillai,7164579365,nisha.pillai115@gmail.com,2026-03-25 03:38:16,verified,Bangalore,
117,Shweta,Patel,6917984935,shwetapatel116@yahoo.com,2026-03-01 04:44:18,verified,Mumbai,4
118,Reyansh,Rao,9729033082,reyansh_rao117@outlook.com,2025-07-22 23:25:39,verified,Bangalore,
119,Sunil,Hegde,6457525035,shegde118@hotmail.com,2026-05-02 11:59:20,pending,Bangalore,
120,Swati,Kumar,9692860108,swati119@protonmail.com,2026-01-22 22:57:29,pending,Hyderabad,
121,Gaurav,Singh,6869243681,gaurav.singh120@gmail.com,2026-04-14 23:27:06,verified,Hyderabad,
122,Manav,Jain,8789989688,manavjain121@yahoo.com,2025-08-23 22:43:49,pending,Mumbai,14
123,Nisha,Patel,7231924456,nisha_patel122@outlook.com,2025-11-07 01:08:17,verified,Delhi,4
124,Sneha,Singh,9601891502,ssingh123@hotmail.com,2026-02-22 18:01:42,verified,Bangalore,
125,Shweta,Bhat,6124958936,shweta124@protonmail.com,2025-12-07 05:34:09,verified,Bangalore,
126,Amit,Patel,7519766700,amit.patel125@gmail.com,2026-01-29 11:39:06,verified,Bangalore,15
127,Sunil,Bhat,6734749354,sunilbhat126@yahoo.com,2025-12-03 09:45:05,verified,Bangalore,6
128,Deepak,Bansal,7696342332,deepak_bansal127@outlook.com,2026-02-04 08:07:54,rejected,Delhi,14
129,Rohan,Deshmukh,7944633853,rdeshmukh128@hotmail.com,2026-06-09 06:30:40,verified,Delhi,15
130,Suman,Shah,6151453261,suman129@protonmail.com,2025-08-26 05:00:47,verified,Delhi,
131,Kartik,Hegde,9535333862,kartik.hegde130@gmail.com,2026-04-18 01:04:42,verified,Bangalore,13
132,Deepak,Patel,9255383831,deepakpatel131@yahoo.com,2025-09-18 08:54:18,pending,Delhi,
133,Aditya,Kulkarni,8143645931,aditya_kulkarni132@outlook.com,2026-06-20 06:51:23,rejected,Hyderabad,
134,Riya,Kapoor,7989632928,rkapoor133@hotmail.com,2026-05-20 02:10:02,verified,Bangalore,8
135,Pranav,Singh,8424139117,pranav134@protonmail.com,2025-07-12 12:48:50,pending,Pune,
136,Sunita,Sharma,8064706436,sunita.sharma135@gmail.com,2026-04-27 04:44:37,verified,Hyderabad,12
137,Amit,Saxena,6910004961,amitsaxena136@yahoo.com,2026-02-10 07:00:39,pending,Bangalore,7
138,Aditya,Deshmukh,6973297122,aditya_deshmukh137@outlook.com,2026-06-29 20:27:04,verified,Hyderabad,
139,Ashok,Jain,6905101535,ajain138@hotmail.com,2026-05-04 05:21:10,rejected,Mumbai,
140,Shweta,Bansal,7899707859,shweta139@protonmail.com,2025-09-11 02:53:39,verified,Mumbai,
141,Manav,Tiwari,6455831819,manav.tiwari140@gmail.com,2026-02-27 17:43:33,verified,Delhi,2
142,Megha,Verma,6817898981,meghaverma141@yahoo.com,2025-11-08 16:42:28,pending,Delhi,8
143,Suman,Hegde,7361023751,suman_hegde142@outlook.com,2025-08-08 22:38:15,verified,Delhi,
144,Pallavi,Malhotra,7814367494,pmalhotra143@hotmail.com,2026-06-03 07:37:04,verified,Delhi,15
145,Ishaan,Gupta,9171957533,ishaan144@protonmail.com,2025-11-28 01:41:04,verified,Mumbai,11
146,Kartik,Agarwal,6537803315,kartik.agarwal145@gmail.com,2026-06-16 20:46:20,verified,Mumbai,9
147,Vivaan,Nair,6264347265,vivaannair146@yahoo.com,2025-10-31 10:53:50,verified,Delhi,
148,Pooja,Verma,6066085143,pooja_verma147@outlook.com,2026-01-23 06:44:58,verified,Mumbai,1
149,Sunita,Saxena,9670420256,ssaxena148@hotmail.com,2026-06-27 02:38:13,verified,Bangalore,
150,Vivaan,Malhotra,6732485851,vivaan149@protonmail.com,2025-09-05 23:17:45,verified,Bangalore,
151,Shreya,Verma,9487603665,shreya.verma150@gmail.com,2026-03-20 13:37:31,pending,Hyderabad,15
152,Kiara,Malhotra,8759232094,kiaramalhotra151@yahoo.com,2025-09-25 15:49:05,verified,Delhi,1
153,Ashok,Jain,9001357202,ashok_jain152@outlook.com,2026-06-28 06:10:28,verified,Bangalore,10
154,Deepak,Kulkarni,8243386325,dkulkarni153@hotmail.com,2026-05-03 06:18:46,verified,Bangalore,
155,Dhruv,Saxena,6258534527,dhruv154@protonmail.com,2026-06-03 14:21:04,verified,Bangalore,10
156,Meena,Gupta,8379929683,meena.gupta155@gmail.com,2025-07-07 14:27:31,pending,Pune,2
157,Ritu,Patel,9726269951,ritupatel156@yahoo.com,2026-04-18 12:00:40,verified,Mumbai,6
158,Manoj,Singh,7253509027,manoj_singh157@outlook.com,2025-07-12 04:42:24,verified,Pune,
159,Nisha,Mishra,8735766389,nmishra158@hotmail.com,2025-11-08 03:14:27,pending,Mumbai,1
160,Sunita,Patel,8524447885,sunita159@protonmail.com,2025-07-28 22:02:29,pending,Delhi,
161,Shreya,Menon,6583530695,shreya.menon160@gmail.com,2025-09-01 11:41:09,verified,Delhi,
162,Sunil,Bansal,9866189852,sunilbansal161@yahoo.com,2026-06-25 03:22:03,pending,Mumbai,2
163,Megha,Rao,8032023782,megha_rao162@outlook.com,2026-01-06 21:06:06,rejected,Bangalore,
164,Pranav,Rao,8594539568,prao163@hotmail.com,2026-02-18 23:31:08,verified,Hyderabad,9
165,Manav,Chauhan,8965010899,manav164@protonmail.com,2026-02-23 09:14:15,pending,Hyderabad,
166,Myra,Rao,8861530041,myra.rao165@gmail.com,2025-10-18 02:45:04,pending,Delhi,
167,Sai,Hegde,7303593061,saihegde166@yahoo.com,2025-11-13 06:10:14,verified,Pune,
168,Vikram,Deshmukh,9827723138,vikram_deshmukh167@outlook.com,2025-09-20 06:38:56,verified,Hyderabad,9
169,Anjali,Kapoor,6123406968,akapoor168@hotmail.com,2026-03-18 22:49:03,verified,Mumbai,13
170,Tanvi,Tiwari,6351319460,tanvi169@protonmail.com,2026-02-13 11:57:00,pending,Bangalore,12
171,Aarav,Tiwari,7996955775,aarav.tiwari170@gmail.com,2026-05-29 17:11:57,rejected,Delhi,11
172,Arnav,Chauhan,9241489094,arnavchauhan171@yahoo.com,2026-03-02 06:31:14,verified,Delhi,9
173,Shweta,Rao,8568546041,shweta_rao172@outlook.com,2026-06-03 01:33:46,verified,Bangalore,1
174,Isha,Pandey,7364512615,ipandey173@hotmail.com,2025-11-22 12:12:39,verified,Bangalore,11
175,Sara,Chauhan,9490931301,sara174@protonmail.com,2026-04-07 05:12:29,verified,Hyderabad,3
176,Diya,Iyer,8751598684,diya.iyer175@gmail.com,2025-10-09 03:33:51,verified,Bangalore,
177,Kartik,Nair,7662608954,kartiknair176@yahoo.com,2026-06-28 14:28:45,verified,Mumbai,11
178,Aadhya,Iyer,9649496962,aadhya_iyer177@outlook.com,2025-12-06 11:06:04,pending,Pune,2
179,Priya,Nair,6292552277,pnair178@hotmail.com,2026-03-21 10:45:00,verified,Hyderabad,12
180,Rahul,Saxena,6693324276,rahul179@protonmail.com,2025-11-13 12:11:08,pending,Bangalore,4
181,Vivaan,Kapoor,9284866518,vivaan.kapoor180@gmail.com,2025-12-12 21:16:13,verified,Hyderabad,
182,Suman,Reddy,6570409770,sumanreddy181@yahoo.com,2025-08-01 04:24:47,verified,Bangalore,2
183,Kartik,Reddy,9818098386,kartik_reddy182@outlook.com,2025-10-25 09:04:39,verified,Bangalore,
184,Ishaan,Shah,8548118278,ishah183@hotmail.com,2025-09-14 08:47:14,verified,Mumbai,
185,Pranav,Agarwal,9730381297,pranav184@protonmail.com,2025-12-07 12:03:29,rejected,Delhi,
186,Ishaan,Bhat,8576483511,ishaan.bhat185@gmail.com,2026-03-05 15:57:52,verified,Delhi,
187,Ishaan,Agarwal,7196118622,ishaanagarwal186@yahoo.com,2025-10-12 21:36:13,pending,Mumbai,
188,Sneha,Mehta,9649578026,sneha_mehta187@outlook.com,2025-12-03 04:20:02,verified,Bangalore,
189,Sunita,Hegde,7567521602,shegde188@hotmail.com,2025-07-09 03:27:42,pending,Bangalore,
190,Reyansh,Hegde,6304921275,reyansh189@protonmail.com,2026-01-26 07:00:01,verified,Delhi,12
191,Aadhya,Mishra,8655276654,aadhya.mishra190@gmail.com,2025-08-17 08:41:37,pending,Hyderabad,
192,Meena,Gupta,9974880562,meenagupta191@yahoo.com,2025-12-07 08:46:45,pending,Mumbai,5
193,Gaurav,Bhat,7661604866,gaurav_bhat192@outlook.com,2025-12-10 04:36:43,verified,Bangalore,
194,Deepak,Jain,8172729613,djain193@hotmail.com,2026-02-10 23:04:16,verified,Delhi,10
195,Arnav,Verma,8584849706,arnav194@protonmail.com,2025-10-24 14:30:09,pending,Bangalore,7
196,Rekha,Agarwal,6345408189,rekha.agarwal195@gmail.com,2026-02-25 19:47:41,rejected,Bangalore,10
197,Rekha,Pandey,6185855172,rekhapandey196@yahoo.com,2026-03-04 04:57:09,verified,Hyderabad,13
198,Arjun,Mishra,8642072103,arjun_mishra197@outlook.com,2026-06-04 03:59:58,pending,Bangalore,1
199,Manoj,Singh,8720380181,msingh198@hotmail.com,2025-09-09 12:54:27,rejected,Bangalore,12
200,Vihaan,Sharma,9262852809,vihaan199@protonmail.com,2025-10-20 09:10:24,pending,Mumbai,11
201,Reyansh,Gupta,8201761185,reyansh.gupta200@gmail.com,2026-05-07 01:59:35,rejected,Mumbai,9
202,Anjali,Joshi,9495869983,anjalijoshi201@yahoo.com,2025-10-28 19:59:24,pending,Mumbai,
203,Suman,Das,8173837889,suman_das202@outlook.com,2026-03-16 00:56:22,verified,Bangalore,7
204,Kavya,Mehta,6302834643,kmehta203@hotmail.com,2025-08-09 21:57:58,verified,Bangalore,10
205,Pallavi,Pillai,9113998728,pallavi204@protonmail.com,2025-12-09 08:53:22,verified,Bangalore,
206,Sunil,Patel,7424937497,sunil.patel205@gmail.com,2026-05-01 07:37:03,pending,Bangalore,7
207,Ashok,Malhotra,6836157667,ashokmalhotra206@yahoo.com,2026-05-28 21:47:53,pending,Mumbai,5
208,Isha,Pillai,9646924681,isha_pillai207@outlook.com,2026-03-12 12:00:09,verified,Hyderabad,
209,Myra,Mehta,9360189696,mmehta208@hotmail.com,2026-06-04 07:10:10,pending,Mumbai,
210,Megha,Menon,7529215342,megha209@protonmail.com,2025-12-15 17:59:09,pending,Hyderabad,13
211,Sunita,Shah,9527838626,sunita.shah210@gmail.com,2025-12-04 03:18:57,verified,Delhi,5
212,Kavya,Joshi,8025362085,kavyajoshi211@yahoo.com,2025-11-01 11:43:55,verified,Mumbai,
213,Neha,Mehta,7727132906,neha_mehta212@outlook.com,2026-01-09 14:46:56,verified,Delhi,
214,Kiara,Kapoor,6913857165,kkapoor213@hotmail.com,2025-10-05 21:04:22,verified,Delhi,12
215,Neha,Deshmukh,6860792125,neha214@protonmail.com,2025-10-26 18:15:18,verified,Delhi,
216,Priya,Kapoor,8294576723,priya.kapoor215@gmail.com,2026-01-08 10:51:11,verified,Bangalore,1
217,Shreya,Pandey,6568077532,shreyapandey216@yahoo.com,2026-03-08 06:39:45,verified,Delhi,4
218,Gaurav,Deshmukh,9257605668,gaurav_deshmukh217@outlook.com,2025-11-10 22:08:28,verified,Pune,15
219,Shreya,Saxena,9940134802,ssaxena218@hotmail.com,2025-09-25 05:20:07,verified,Bangalore,
220,Kartik,Bansal,8423230736,kartik219@protonmail.com,2025-12-29 20:44:48,verified,Bangalore,14
221,Dhruv,Rao,6115151367,dhruv.rao220@gmail.com,2026-02-26 23:24:40,pending,Delhi,
222,Diya,Chauhan,6281773001,diyachauhan221@yahoo.com,2025-12-08 04:11:34,verified,Hyderabad,5
223,Aarav,Agarwal,8811566857,aarav_agarwal222@outlook.com,2026-01-10 07:14:10,rejected,Mumbai,4
224,Aarav,Malhotra,7510487344,amalhotra223@hotmail.com,2026-02-10 07:23:03,rejected,Mumbai,3
225,Pallavi,Mehta,6524190096,pallavi224@protonmail.com,2025-08-09 19:09:10,verified,Bangalore,
226,Rahul,Nair,7134615068,rahul.nair225@gmail.com,2025-07-01 21:10:18,verified,Mumbai,12
227,Suman,Sharma,6443284784,sumansharma226@yahoo.com,2026-03-31 19:09:50,verified,Delhi,5
228,Ritu,Iyer,6981835551,ritu_iyer227@outlook.com,2026-01-20 02:14:20,verified,Hyderabad,
229,Pranav,Malhotra,6650160007,pmalhotra228@hotmail.com,2025-09-03 13:44:39,verified,Mumbai,1
230,Ashok,Reddy,6331098635,ashok229@protonmail.com,2025-11-04 13:35:49,verified,Bangalore,
231,Anjali,Agarwal,9161977071,anjali.agarwal230@gmail.com,2025-12-13 17:18:48,verified,Bangalore,6
232,Aarav,Kulkarni,7504690165,aaravkulkarni231@yahoo.com,2025-11-29 04:09:18,verified,Bangalore,
233,Isha,Deshmukh,7291932671,isha_deshmukh232@outlook.com,2026-06-11 03:56:20,verified,Delhi,12
234,Manoj,Deshmukh,6967559030,mdeshmukh233@hotmail.com,2026-05-28 13:12:34,verified,Bangalore,
235,Arjun,Saxena,6314989272,arjun234@protonmail.com,2026-02-17 01:15:30,verified,Mumbai,3
236,Ishaan,Pandey,7537570500,ishaan.pandey235@gmail.com,2026-01-31 04:21:52,verified,Delhi,15
237,Nisha,Pillai,9762586253,nishapillai236@yahoo.com,2025-10-10 02:45:47,verified,Bangalore,2
238,Aditya,Mehta,8289101690,aditya_mehta237@outlook.com,2026-01-06 06:51:26,rejected,Bangalore,14
239,Diya,Jain,8568752762,djain238@hotmail.com,2025-10-11 13:22:15,verified,Bangalore,3
240,Shreya,Tiwari,7812103454,shreya239@protonmail.com,2026-04-09 22:05:21,verified,Hyderabad,
241,Isha,Pillai,6020445790,isha.pillai240@gmail.com,2025-08-01 04:35:46,verified,Bangalore,9
242,Gaurav,Saxena,6390866461,gauravsaxena241@yahoo.com,2025-08-18 22:46:55,verified,Mumbai,
243,Ishaan,Patel,9362191045,ishaan_patel242@outlook.com,2026-02-02 10:15:51,rejected,Hyderabad,
244,Nisha,Menon,8583054952,nmenon243@hotmail.com,2025-12-22 19:51:41,pending,Mumbai,
245,Sara,Mehta,9150669690,sara244@protonmail.com,2025-09-20 06:30:55,verified,Hyderabad,13
246,Priya,Pillai,8368416906,priya.pillai245@gmail.com,2026-01-22 12:00:55,pending,Delhi,2
247,Arjun,Shah,7569226108,arjunshah246@yahoo.com,2025-10-16 12:08:13,rejected,Pune,
248,Pallavi,Saxena,8866291680,pallavi_saxena247@outlook.com,2025-10-13 03:15:54,rejected,Bangalore,
249,Sneha,Hegde,9356969134,shegde248@hotmail.com,2025-09-24 02:16:47,pending,Bangalore,4
250,Kavya,Kumar,9009292780,kavya249@protonmail.com,2026-05-23 00:37:23,pending,Mumbai,15
251,Shweta,Reddy,9191316865,shweta.reddy250@gmail.com,2026-06-09 11:37:23,verified,Pune,2
252,Arjun,Deshmukh,7909844587,arjundeshmukh251@yahoo.com,2026-01-16 23:11:32,verified,Hyderabad,
253,Diya,Tiwari,8770074818,diya_tiwari252@outlook.com,2025-07-23 17:02:45,verified,Bangalore,9
254,Isha,Pillai,8783004179,ipillai253@hotmail.com,2025-10-01 10:13:40,verified,Bangalore,6
255,Shreya,Rao,9441679019,shreya254@protonmail.com,2025-07-08 01:46:53,verified,Pune,
256,Shreya,Deshmukh,8341080313,shreya.deshmukh255@gmail.com,2026-01-20 01:52:30,verified,Bangalore,6
257,Ritu,Jain,6778462939,ritujain256@yahoo.com,2025-12-30 19:29:58,verified,Hyderabad,8
258,Rohan,Menon,6899014210,rohan_menon257@outlook.com,2026-04-10 21:16:31,pending,Hyderabad,
259,Manoj,Bhat,6920007206,mbhat258@hotmail.com,2025-08-19 02:09:21,rejected,Delhi,
260,Vikram,Mehta,8927334563,vikram259@protonmail.com,2026-03-15 23:13:10,verified,Delhi,4
261,Deepak,Singh,7750089597,deepak.singh260@gmail.com,2025-07-22 06:57:13,verified,Delhi,13
262,Kavya,Reddy,7653689960,kavyareddy261@yahoo.com,2025-09-15 00:53:52,pending,Bangalore,7
263,Gaurav,Hegde,7983233910,gaurav_hegde262@outlook.com,2026-02-22 16:23:50,verified,Hyderabad,13
264,Kartik,Deshmukh,7907194371,kdeshmukh263@hotmail.com,2026-02-03 15:16:36,pending,Delhi,
265,Kabir,Kapoor,6986601332,kabir264@protonmail.com,2025-12-01 20:07:46,verified,Hyderabad,2
266,Arjun,Tiwari,6671321535,arjun.tiwari265@gmail.com,2026-04-04 20:24:15,verified,Bangalore,9
267,Vikram,Gupta,9135427625,vikramgupta266@yahoo.com,2025-09-25 21:22:04,rejected,Pune,8
268,Rahul,Jain,8344642946,rahul_jain267@outlook.com,2025-09-10 18:50:58,verified,Delhi,8
269,Amit,Verma,8448250947,averma268@hotmail.com,2026-03-02 09:40:51,verified,Bangalore,7
270,Kabir,Kumar,7485797266,kabir269@protonmail.com,2025-10-23 08:41:00,pending,Bangalore,
271,Neha,Kapoor,6956189900,neha.kapoor270@gmail.com,2025-08-10 19:38:57,verified,Mumbai,2
272,Suman,Malhotra,7220639194,sumanmalhotra271@yahoo.com,2025-10-10 17:48:49,verified,Mumbai,
273,Aarav,Kumar,9583142109,aarav_kumar272@outlook.com,2026-02-03 10:22:56,rejected,Hyderabad,
274,Arjun,Pandey,8157288179,apandey273@hotmail.com,2026-03-03 17:53:50,verified,Bangalore,6
275,Anjali,Mehta,8439437395,anjali274@protonmail.com,2026-04-19 06:56:19,pending,Bangalore,12
276,Vihaan,Bansal,7145416376,vihaan.bansal275@gmail.com,2025-09-19 01:54:49,verified,Delhi,12
277,Isha,Das,9680955559,ishadas276@yahoo.com,2026-02-24 08:27:42,verified,Delhi,5
278,Manav,Kapoor,8695021572,manav_kapoor277@outlook.com,2026-02-19 06:15:29,verified,Delhi,12
279,Isha,Malhotra,9977475486,imalhotra278@hotmail.com,2025-12-31 03:25:54,verified,Pune,8
280,Vivaan,Menon,9701783998,vivaan279@protonmail.com,2026-02-02 14:38:14,rejected,Pune,6
281,Sneha,Kulkarni,7399986183,sneha.kulkarni280@gmail.com,2025-11-26 01:01:42,rejected,Pune,
282,Priya,Kapoor,6766704110,priyakapoor281@yahoo.com,2025-10-30 05:24:27,verified,Hyderabad,1
283,Suman,Nair,7413221517,suman_nair282@outlook.com,2025-11-03 17:49:07,pending,Delhi,
284,Pooja,Verma,6749630199,pverma283@hotmail.com,2026-06-12 01:16:52,verified,Delhi,5
285,Tanvi,Reddy,9307839214,tanvi284@protonmail.com,2025-09-10 16:32:36,verified,Delhi,
286,Manav,Joshi,6296507148,manav.joshi285@gmail.com,2025-12-05 03:59:33,verified,Hyderabad,11
287,Diya,Menon,9718495229,diyamenon286@yahoo.com,2025-07-20 17:40:15,verified,Bangalore,3
288,Megha,Bhat,8799114514,megha_bhat287@outlook.com,2026-03-15 02:39:25,verified,Delhi,
289,Sunil,Deshmukh,8699767844,sdeshmukh288@hotmail.com,2025-12-16 03:56:56,pending,Bangalore,9
290,Deepak,Nair,8938419767,deepak289@protonmail.com,2026-05-17 02:03:13,verified,Delhi,1
291,Deepak,Deshmukh,7234503946,deepak.deshmukh290@gmail.com,2025-09-23 03:51:16,verified,Hyderabad,
292,Meena,Pandey,7406763749,meenapandey291@yahoo.com,2026-03-26 14:20:27,verified,Hyderabad,6
293,Gaurav,Patel,9894084535,gaurav_patel292@outlook.com,2025-08-07 19:20:02,verified,Bangalore,10
294,Diya,Deshmukh,8724116999,ddeshmukh293@hotmail.com,2025-12-04 03:07:31,pending,Pune,
295,Aditya,Iyer,7534067874,aditya294@protonmail.com,2026-04-15 04:24:25,verified,Mumbai,
296,Aarav,Iyer,8298542529,aarav.iyer295@gmail.com,2026-04-14 23:40:05,verified,Bangalore,
297,Deepak,Malhotra,7531738613,deepakmalhotra296@yahoo.com,2026-05-11 05:34:35,verified,Bangalore,5
298,Ashok,Das,6428412861,ashok_das297@outlook.com,2026-06-28 22:03:03,verified,Bangalore,
299,Kabir,Hegde,6838193419,khegde298@hotmail.com,2026-02-27 17:41:36,verified,Bangalore,14
300,Meena,Verma,8069072956,meena299@protonmail.com,2025-09-02 15:39:53,verified,Pune,
301,Rekha,Joshi,9905653083,rekha.joshi300@gmail.com,2025-12-10 21:09:49,pending,Delhi,
302,Nisha,Gupta,7661077672,nishagupta301@yahoo.com,2025-11-29 22:11:03,pending,Hyderabad,
303,Myra,Singh,7167098332,myra_singh302@outlook.com,2025-08-19 07:52:26,verified,Delhi,
304,Diya,Kulkarni,6505181606,dkulkarni303@hotmail.com,2026-01-12 05:21:49,verified,Bangalore,2
305,Amit,Mehta,6473965436,amit304@protonmail.com,2025-10-24 02:26:30,verified,Delhi,
306,Shweta,Patel,9440142133,shweta.patel305@gmail.com,2025-11-26 03:35:27,verified,Bangalore,
307,Vivaan,Shah,9332684311,vivaanshah306@yahoo.com,2025-10-29 06:44:47,verified,Delhi,4
308,Megha,Saxena,9469986499,megha_saxena307@outlook.com,2025-12-13 22:59:28,verified,Pune,
309,Sunil,Shah,8952470064,sshah308@hotmail.com,2025-07-21 01:14:25,verified,Delhi,10
310,Kartik,Menon,6408049837,kartik309@protonmail.com,2026-06-06 05:34:42,verified,Mumbai,
311,Kiara,Singh,8523107003,kiara.singh310@gmail.com,2026-02-16 21:53:20,verified,Bangalore,
312,Shreya,Gupta,6995806947,shreyagupta311@yahoo.com,2025-11-29 17:36:13,verified,Bangalore,
313,Arnav,Kapoor,6633558474,arnav_kapoor312@outlook.com,2026-06-29 11:29:12,verified,Bangalore,15
314,Nisha,Sharma,7158200294,nsharma313@hotmail.com,2025-11-05 20:10:15,verified,Mumbai,6
315,Shreya,Mishra,6287285633,shreya314@protonmail.com,2025-12-23 15:26:57,verified,Bangalore,1
316,Kabir,Pandey,6147665240,kabir.pandey315@gmail.com,2025-08-03 02:14:04,pending,Delhi,
317,Shreya,Mishra,8680122765,shreyamishra316@yahoo.com,2026-01-21 10:27:36,verified,Mumbai,6
318,Rahul,Singh,6993801320,rahul_singh317@outlook.com,2025-07-04 17:41:58,rejected,Delhi,4
319,Swati,Singh,8461456063,ssingh318@hotmail.com,2026-06-18 05:27:36,verified,Bangalore,
320,Sai,Tiwari,9735843783,sai319@protonmail.com,2026-05-22 06:47:17,pending,Bangalore,13
321,Vihaan,Chauhan,6274198210,vihaan.chauhan320@gmail.com,2026-02-06 04:12:05,verified,Pune,
322,Megha,Nair,6726008725,meghanair321@yahoo.com,2026-06-04 06:57:46,pending,Mumbai,
323,Anjali,Bansal,8230400965,anjali_bansal322@outlook.com,2025-07-02 08:25:39,pending,Delhi,
324,Ananya,Rao,9116017516,arao323@hotmail.com,2026-06-27 16:51:37,verified,Bangalore,10
325,Nisha,Bansal,7315887221,nisha324@protonmail.com,2025-10-20 23:33:13,verified,Pune,12
326,Vikram,Bansal,9436381563,vikram.bansal325@gmail.com,2025-10-15 02:55:24,verified,Mumbai,10
327,Pranav,Bansal,8563780689,pranavbansal326@yahoo.com,2026-01-02 00:20:49,verified,Delhi,6
328,Rohan,Saxena,9419561199,rohan_saxena327@outlook.com,2026-05-29 04:19:34,verified,Hyderabad,1
329,Vikram,Tiwari,8036826661,vtiwari328@hotmail.com,2025-12-21 19:19:00,verified,Bangalore,4
330,Kabir,Joshi,8515921514,kabir329@protonmail.com,2025-11-15 11:34:34,verified,Delhi,
331,Gaurav,Tiwari,7122559220,gaurav.tiwari330@gmail.com,2025-10-21 21:51:01,verified,Mumbai,
332,Dhruv,Reddy,6671396703,dhruvreddy331@yahoo.com,2025-07-12 17:55:29,pending,Bangalore,15
333,Manav,Hegde,8524982475,manav_hegde332@outlook.com,2026-05-06 09:44:31,verified,Pune,
334,Sunil,Iyer,8372238475,siyer333@hotmail.com,2025-07-29 00:22:44,rejected,Mumbai,
335,Sneha,Gupta,7278735037,sneha334@protonmail.com,2025-11-04 23:32:57,verified,Mumbai,
336,Sunil,Nair,8020818313,sunil.nair335@gmail.com,2026-05-05 09:37:39,verified,Bangalore,
337,Ritu,Saxena,6956229743,ritusaxena336@yahoo.com,2026-04-20 10:51:20,verified,Bangalore,12
338,Vikram,Singh,7668847908,vikram_singh337@outlook.com,2025-07-31 16:58:13,verified,Delhi,11
339,Riya,Patel,6752274964,rpatel338@hotmail.com,2026-02-18 09:57:53,pending,Hyderabad,6
340,Sneha,Kulkarni,6799312761,sneha339@protonmail.com,2026-06-29 00:49:20,verified,Bangalore,5
341,Manoj,Jain,7583811866,manoj.jain340@gmail.com,2026-06-04 13:20:36,pending,Delhi,
342,Suman,Rao,8056551538,sumanrao341@yahoo.com,2025-11-26 06:43:36,verified,Mumbai,
343,Manav,Nair,6074030514,manav_nair342@outlook.com,2026-03-20 08:10:13,verified,Bangalore,15
344,Kartik,Deshmukh,6615544299,kdeshmukh343@hotmail.com,2025-09-19 08:55:21,verified,Mumbai,14
345,Suman,Singh,6160552118,suman344@protonmail.com,2025-09-11 04:59:55,verified,Bangalore,
346,Gaurav,Pandey,6464637996,gaurav.pandey345@gmail.com,2025-12-11 20:36:38,verified,Pune,2
347,Diya,Malhotra,7945461492,diyamalhotra346@yahoo.com,2026-03-07 08:36:04,verified,Delhi,5
348,Sneha,Bansal,7859263273,sneha_bansal347@outlook.com,2025-12-06 05:51:37,verified,Bangalore,
349,Myra,Saxena,9059046513,msaxena348@hotmail.com,2026-06-24 05:08:37,verified,Delhi,7
350,Kartik,Singh,9102260853,kartik349@protonmail.com,2026-01-19 11:26:12,verified,Delhi,5
351,Pranav,Hegde,6221194811,pranav.hegde350@gmail.com,2026-04-18 20:44:10,verified,Hyderabad,9
352,Sunil,Bansal,8591354050,sunilbansal351@yahoo.com,2025-09-17 14:22:48,verified,Mumbai,
353,Swati,Kapoor,6294949597,swati_kapoor352@outlook.com,2025-08-13 09:59:58,verified,Mumbai,7
354,Kavya,Patel,8404237641,kpatel353@hotmail.com,2026-05-30 04:28:53,verified,Bangalore,10
355,Kiara,Deshmukh,6559958770,kiara354@protonmail.com,2026-04-06 11:24:10,verified,Bangalore,7
356,Sneha,Rao,9465472547,sneha.rao355@gmail.com,2025-12-30 02:15:03,verified,Bangalore,4
357,Tanvi,Iyer,9379188995,tanviiyer356@yahoo.com,2025-08-06 07:42:25,verified,Mumbai,9
358,Ritu,Mehta,8335456687,ritu_mehta357@outlook.com,2026-06-02 09:10:35,verified,Hyderabad,
359,Pranav,Hegde,6554088879,phegde358@hotmail.com,2025-07-15 04:41:16,pending,Delhi,12
360,Ishaan,Menon,8207649693,ishaan359@protonmail.com,2025-08-18 10:14:16,verified,Bangalore,
361,Myra,Das,9891884069,myra.das360@gmail.com,2025-10-12 17:07:00,verified,Mumbai,5
362,Neha,Gupta,6938525954,nehagupta361@yahoo.com,2025-12-21 19:13:10,verified,Hyderabad,4
363,Sneha,Singh,6199161543,sneha_singh362@outlook.com,2025-11-26 05:30:49,verified,Mumbai,13
364,Vikram,Mehta,8673000043,vmehta363@hotmail.com,2025-07-18 08:54:04,verified,Hyderabad,7
365,Diya,Pandey,7826759079,diya364@protonmail.com,2025-10-16 20:16:16,verified,Bangalore,4
366,Swati,Nair,8273702581,swati.nair365@gmail.com,2026-02-20 00:53:45,pending,Bangalore,15
367,Neha,Hegde,9092342911,nehahegde366@yahoo.com,2026-04-22 11:28:20,verified,Hyderabad,3
368,Diya,Kulkarni,9689166626,diya_kulkarni367@outlook.com,2025-07-17 04:58:03,verified,Mumbai,
369,Dhruv,Sharma,9090418633,dsharma368@hotmail.com,2026-03-20 18:53:49,verified,Delhi,11
370,Sai,Kulkarni,9143072538,sai369@protonmail.com,2025-12-11 16:21:13,verified,Mumbai,
371,Priya,Malhotra,9689204257,priya.malhotra370@gmail.com,2025-07-09 00:09:17,verified,Hyderabad,
372,Sara,Das,7344333334,saradas371@yahoo.com,2025-07-05 12:31:59,verified,Mumbai,7
373,Amit,Deshmukh,6118151436,amit_deshmukh372@outlook.com,2025-10-23 18:35:45,verified,Mumbai,9
374,Neha,Sharma,8659402804,nsharma373@hotmail.com,2025-10-19 09:35:55,rejected,Delhi,8
375,Pallavi,Mehta,8130296923,pallavi374@protonmail.com,2026-03-31 12:21:09,verified,Delhi,8
376,Isha,Pillai,9128241366,isha.pillai375@gmail.com,2025-12-29 20:54:02,verified,Delhi,13
377,Arjun,Singh,8240999049,arjunsingh376@yahoo.com,2026-02-18 19:32:16,verified,Hyderabad,
378,Sunil,Gupta,9800331881,sunil_gupta377@outlook.com,2026-02-18 07:54:26,verified,Hyderabad,11
379,Diya,Bansal,7857931180,dbansal378@hotmail.com,2026-02-04 16:45:40,verified,Hyderabad,4
380,Pranav,Rao,7622195919,pranav379@protonmail.com,2025-09-18 00:28:19,verified,Bangalore,
381,Rohan,Nair,6398853603,rohan.nair380@gmail.com,2026-03-24 11:50:10,pending,Mumbai,3
382,Vikram,Menon,7471454890,vikrammenon381@yahoo.com,2025-12-05 03:57:13,pending,Hyderabad,
383,Kartik,Rao,7212988912,kartik_rao382@outlook.com,2026-04-12 19:40:12,verified,Mumbai,9
384,Isha,Reddy,6382626681,ireddy383@hotmail.com,2026-05-19 06:39:16,pending,Hyderabad,13
385,Manoj,Sharma,8581149997,manoj384@protonmail.com,2025-08-26 17:51:06,verified,Hyderabad,2
386,Anjali,Singh,9814655622,anjali.singh385@gmail.com,2026-01-21 07:40:47,verified,Delhi,2
387,Sunita,Bhat,9987459090,sunitabhat386@yahoo.com,2025-09-11 03:18:59,verified,Delhi,
388,Manoj,Saxena,8316191437,manoj_saxena387@outlook.com,2025-07-15 17:01:36,rejected,Bangalore,13
389,Sara,Verma,6354171882,sverma388@hotmail.com,2025-11-16 08:05:14,verified,Delhi,
390,Amit,Gupta,8378247267,amit389@protonmail.com,2025-07-13 06:20:22,verified,Mumbai,12
391,Arjun,Tiwari,7921968024,arjun.tiwari390@gmail.com,2025-08-21 04:26:15,verified,Hyderabad,7
392,Sunil,Verma,6206697494,sunilverma391@yahoo.com,2026-01-11 02:24:34,verified,Bangalore,12
393,Kartik,Das,6409450601,kartik_das392@outlook.com,2026-01-15 13:23:01,verified,Bangalore,10
394,Nisha,Patel,6149609005,npatel393@hotmail.com,2026-06-28 21:42:57,verified,Mumbai,
395,Meena,Menon,9105159718,meena394@protonmail.com,2026-04-26 11:21:26,verified,Bangalore,10
396,Ananya,Iyer,8790695555,ananya.iyer395@gmail.com,2025-08-17 19:37:59,verified,Bangalore,8
397,Riya,Patel,6962526671,riyapatel396@yahoo.com,2026-06-21 01:01:41,verified,Bangalore,9
398,Pallavi,Kulkarni,6848946831,pallavi_kulkarni397@outlook.com,2025-10-17 19:18:45,verified,Bangalore,7
399,Diya,Sharma,6812912529,dsharma398@hotmail.com,2026-04-25 17:43:32,verified,Bangalore,5
400,Dhruv,Gupta,8756022168,dhruv399@protonmail.com,2026-06-23 12:55:19,verified,Delhi,8
401,Kabir,Joshi,9342834018,kabir.joshi400@gmail.com,2026-01-15 23:37:04,verified,Delhi,
402,Rekha,Malhotra,7147253692,rekhamalhotra401@yahoo.com,2026-01-30 01:40:09,verified,Hyderabad,2
403,Kiara,Joshi,9598902176,kiara_joshi402@outlook.com,2025-08-08 18:54:38,verified,Delhi,11
404,Nitin,Rao,6152792980,nrao403@hotmail.com,2026-02-07 06:54:11,rejected,Mumbai,15
405,Sai,Deshmukh,9425918564,sai404@protonmail.com,2026-04-13 12:34:26,verified,Bangalore,12
406,Shweta,Saxena,9804956307,shweta.saxena405@gmail.com,2025-09-05 00:16:34,verified,Bangalore,
407,Myra,Singh,7932617564,myrasingh406@yahoo.com,2026-04-04 23:42:43,verified,Mumbai,9
408,Ashok,Tiwari,8844201706,ashok_tiwari407@outlook.com,2026-02-12 05:19:38,verified,Bangalore,1
409,Sunita,Reddy,8426817821,sreddy408@hotmail.com,2025-11-10 02:56:16,verified,Delhi,
410,Dhruv,Bansal,9644943435,dhruv409@protonmail.com,2026-01-24 17:26:21,verified,Mumbai,10
411,Megha,Malhotra,9318189588,megha.malhotra410@gmail.com,2025-10-13 22:53:46,verified,Mumbai,12
412,Pooja,Gupta,8200242882,poojagupta411@yahoo.com,2025-12-01 17:54:52,verified,Bangalore,
413,Vivaan,Bansal,8241568524,vivaan_bansal412@outlook.com,2026-05-06 22:12:58,rejected,Delhi,
414,Arjun,Jain,7347750771,ajain413@hotmail.com,2026-05-01 04:06:57,pending,Mumbai,
415,Nisha,Das,6313968787,nisha414@protonmail.com,2026-05-02 11:19:36,verified,Bangalore,10
416,Gaurav,Bhat,9161130458,gaurav.bhat415@gmail.com,2026-03-20 19:52:57,verified,Mumbai,9
417,Nitin,Pillai,8971016394,nitinpillai416@yahoo.com,2026-03-30 18:36:49,pending,Mumbai,10
418,Neha,Mishra,9629164008,neha_mishra417@outlook.com,2026-03-08 07:53:24,verified,Pune,11
419,Arnav,Saxena,9406809324,asaxena418@hotmail.com,2025-08-01 12:04:24,verified,Bangalore,
420,Ritu,Rao,8671606718,ritu419@protonmail.com,2026-02-25 20:47:04,rejected,Hyderabad,3
421,Anjali,Joshi,7050252741,anjali.joshi420@gmail.com,2025-09-19 20:12:00,verified,Delhi,
422,Aarav,Patel,9383997490,aaravpatel421@yahoo.com,2026-05-22 06:45:20,verified,Delhi,
423,Ishaan,Das,7629720413,ishaan_das422@outlook.com,2025-12-12 05:36:24,rejected,Bangalore,5
424,Kiara,Reddy,8085738184,kreddy423@hotmail.com,2025-09-28 12:08:28,verified,Mumbai,8
425,Sai,Reddy,6523560604,sai424@protonmail.com,2025-08-14 20:35:54,verified,Bangalore,
426,Pranav,Sharma,6519895697,pranav.sharma425@gmail.com,2026-02-11 11:43:35,verified,Delhi,4
427,Anjali,Iyer,9907397583,anjaliiyer426@yahoo.com,2026-03-13 12:03:53,pending,Bangalore,
428,Vihaan,Pandey,8114982735,vihaan_pandey427@outlook.com,2026-05-22 22:13:44,pending,Hyderabad,15
429,Vikram,Jain,7952420636,vjain428@hotmail.com,2026-01-26 12:08:06,pending,Hyderabad,12
430,Reyansh,Agarwal,9244191333,reyansh429@protonmail.com,2026-04-06 10:00:02,verified,Mumbai,11
431,Amit,Iyer,8515692717,amit.iyer430@gmail.com,2026-05-25 04:52:18,pending,Bangalore,
432,Neha,Rao,8416159282,neharao431@yahoo.com,2025-11-04 07:23:16,rejected,Bangalore,1
433,Rekha,Joshi,7246768492,rekha_joshi432@outlook.com,2025-10-25 06:59:55,verified,Mumbai,
434,Manoj,Gupta,9543164378,mgupta433@hotmail.com,2026-06-23 17:43:07,rejected,Delhi,15
435,Pooja,Pillai,8822449107,pooja434@protonmail.com,2026-06-02 03:14:58,pending,Bangalore,
436,Kabir,Jain,8200155231,kabir.jain435@gmail.com,2026-05-21 02:50:05,verified,Mumbai,
437,Shreya,Bansal,8160605275,shreyabansal436@yahoo.com,2026-03-19 04:02:45,verified,Pune,8
438,Neha,Reddy,7174775175,neha_reddy437@outlook.com,2026-01-30 09:56:49,verified,Mumbai,6
439,Manoj,Mishra,9570187664,mmishra438@hotmail.com,2025-09-15 02:50:51,verified,Mumbai,
440,Aditya,Gupta,9159239117,aditya439@protonmail.com,2025-09-18 11:33:38,verified,Pune,9
441,Anjali,Gupta,9795473340,anjali.gupta440@gmail.com,2025-10-13 05:17:24,verified,Bangalore,
442,Myra,Hegde,9017698416,myrahegde441@yahoo.com,2026-04-07 14:14:03,pending,Mumbai,15
443,Megha,Shah,6766415391,megha_shah442@outlook.com,2025-11-14 08:13:46,rejected,Pune,
444,Priya,Pillai,6865429932,ppillai443@hotmail.com,2025-12-09 14:40:58,pending,Bangalore,
445,Tanvi,Mehta,9726666192,tanvi444@protonmail.com,2025-08-27 17:28:16,verified,Mumbai,
446,Priya,Bansal,7982189838,priya.bansal445@gmail.com,2026-01-16 03:30:04,verified,Mumbai,10
447,Arnav,Nair,6266793224,arnavnair446@yahoo.com,2025-08-17 06:39:12,verified,Mumbai,1
448,Swati,Kapoor,8092524811,swati_kapoor447@outlook.com,2026-03-02 19:34:33,verified,Mumbai,2
449,Manoj,Menon,6557181091,mmenon448@hotmail.com,2025-11-30 03:00:08,pending,Pune,5
450,Aarav,Verma,8674505720,aarav449@protonmail.com,2025-08-04 11:06:30,rejected,Hyderabad,4
451,Aditya,Kapoor,9307407891,aditya.kapoor450@gmail.com,2026-04-09 03:20:16,verified,Bangalore,4
452,Myra,Bhat,6876216453,myrabhat451@yahoo.com,2026-03-28 16:39:10,rejected,Hyderabad,
453,Priya,Iyer,7182671576,priya_iyer452@outlook.com,2025-08-08 03:54:51,pending,Bangalore,11
454,Sneha,Iyer,6205754710,siyer453@hotmail.com,2025-11-19 02:23:57,verified,Delhi,8
455,Pranav,Kumar,6035800494,pranav454@protonmail.com,2026-03-08 19:51:43,pending,Delhi,
456,Deepak,Iyer,6495728038,deepak.iyer455@gmail.com,2026-04-13 05:57:43,verified,Delhi,1
457,Nitin,Pillai,9798082980,nitinpillai456@yahoo.com,2025-07-29 19:51:46,verified,Delhi,2
458,Reyansh,Hegde,7085364967,reyansh_hegde457@outlook.com,2026-04-08 11:29:11,verified,Pune,
459,Rekha,Agarwal,6707537235,ragarwal458@hotmail.com,2026-05-02 01:35:26,verified,Mumbai,
460,Anjali,Singh,7633657096,anjali459@protonmail.com,2025-10-02 03:20:52,verified,Mumbai,2
461,Suman,Sharma,9666997881,suman.sharma460@gmail.com,2025-08-30 19:30:24,verified,Bangalore,15
462,Anjali,Tiwari,8663870117,anjalitiwari461@yahoo.com,2025-11-03 22:25:26,verified,Pune,
463,Pallavi,Deshmukh,6039486786,pallavi_deshmukh462@outlook.com,2026-03-24 02:45:56,verified,Pune,10
464,Rohan,Sharma,7449548226,rsharma463@hotmail.com,2026-02-23 10:39:49,verified,Hyderabad,5
465,Isha,Kapoor,7652646157,isha464@protonmail.com,2026-02-05 16:09:51,verified,Bangalore,14
466,Rohan,Malhotra,9030097690,rohan.malhotra465@gmail.com,2026-03-28 16:54:29,verified,Bangalore,5
467,Ananya,Sharma,6130277755,ananyasharma466@yahoo.com,2026-01-16 13:14:47,verified,Bangalore,6
468,Gaurav,Deshmukh,8483960869,gaurav_deshmukh467@outlook.com,2026-03-02 21:19:13,verified,Bangalore,6
469,Vikram,Tiwari,7861593215,vtiwari468@hotmail.com,2026-03-09 00:50:32,verified,Delhi,
470,Sunil,Patel,6758417893,sunil469@protonmail.com,2026-04-27 05:54:19,verified,Pune,
471,Neha,Pillai,8597845346,neha.pillai470@gmail.com,2025-10-31 06:13:34,verified,Delhi,14
472,Tanvi,Mishra,7895573264,tanvimishra471@yahoo.com,2026-04-09 02:47:22,pending,Bangalore,
473,Riya,Iyer,7115705116,riya_iyer472@outlook.com,2025-12-11 16:43:05,verified,Bangalore,
474,Pallavi,Iyer,8905676582,piyer473@hotmail.com,2026-02-20 16:08:08,verified,Bangalore,10
475,Swati,Hegde,8531009231,swati474@protonmail.com,2026-05-23 01:35:40,rejected,Bangalore,14
476,Sneha,Kumar,9036955813,sneha.kumar475@gmail.com,2026-04-18 01:15:05,pending,Bangalore,
477,Sara,Hegde,6407754722,sarahegde476@yahoo.com,2025-07-19 02:38:38,rejected,Bangalore,15
478,Aadhya,Singh,6142257136,aadhya_singh477@outlook.com,2026-03-11 16:02:39,pending,Hyderabad,
479,Amit,Singh,9009660034,asingh478@hotmail.com,2025-10-30 19:10:01,verified,Pune,3
480,Aarav,Reddy,7437686906,aarav479@protonmail.com,2025-10-24 15:19:43,verified,Delhi,
481,Aditya,Kumar,8069782338,aditya.kumar480@gmail.com,2025-12-15 16:31:02,verified,Delhi,6
482,Isha,Hegde,8629467016,ishahegde481@yahoo.com,2026-06-22 05:22:24,verified,Hyderabad,13
483,Kartik,Iyer,8168163164,kartik_iyer482@outlook.com,2025-08-14 03:14:30,verified,Bangalore,
484,Ananya,Verma,7042657418,averma483@hotmail.com,2025-08-25 15:07:05,verified,Bangalore,12
485,Diya,Kulkarni,8759686256,diya484@protonmail.com,2026-03-28 16:24:52,verified,Hyderabad,13
486,Kabir,Deshmukh,8123950846,kabir.deshmukh485@gmail.com,2026-02-07 17:07:33,pending,Bangalore,11
487,Suman,Deshmukh,9880025190,sumandeshmukh486@yahoo.com,2025-09-09 21:02:49,pending,Mumbai,12
488,Isha,Agarwal,7043032180,isha_agarwal487@outlook.com,2025-07-18 15:21:42,verified,Mumbai,1
489,Arnav,Sharma,6634940581,asharma488@hotmail.com,2025-11-12 00:25:49,pending,Delhi,
490,Nitin,Kulkarni,9654335345,nitin489@protonmail.com,2025-12-13 18:54:06,verified,Delhi,11
491,Diya,Bansal,9468966307,diya.bansal490@gmail.com,2025-10-13 18:39:48,pending,Hyderabad,
492,Manav,Kumar,6304737728,manavkumar491@yahoo.com,2026-02-07 18:23:02,verified,Bangalore,
493,Priya,Shah,9201591500,priya_shah492@outlook.com,2025-07-24 13:30:48,rejected,Bangalore,
494,Arnav,Nair,7498722020,anair493@hotmail.com,2026-03-11 11:22:26,verified,Mumbai,15
495,Priya,Agarwal,8704863881,priya494@protonmail.com,2025-11-03 07:54:23,verified,Delhi,
496,Vikram,Singh,7995376698,vikram.singh495@gmail.com,2026-04-20 15:20:39,verified,Bangalore,12
497,Shreya,Kapoor,6450515878,shreyakapoor496@yahoo.com,2025-10-23 17:50:41,verified,Hyderabad,
498,Arnav,Sharma,6972755529,arnav_sharma497@outlook.com,2026-06-02 08:44:06,verified,Delhi,
499,Megha,Agarwal,9039591663,magarwal498@hotmail.com,2026-05-09 03:32:44,verified,Hyderabad,
500,Priya,Gupta,7301897786,priya499@protonmail.com,2026-03-29 15:03:45,verified,Hyderabad,3
